game_id,block_id,phase,player_id,team_id_opta,signal_name,signal_value,n_frames,total_distance,hsr_distance,sprint_distance,hsr_efforts,avg_speed,max_speed
2215838,1_0,1,44136,142,physical_load,178.682,7499,178.682,0.0,0.0,0,0.596,3.645
2215838,1_0,1,221095,142,physical_load,713.69,7499,713.69,44.56,20.276,3,2.379,11.173
2215838,1_0,1,471140,142,physical_load,609.489,7499,609.489,20.946,3.24,2,2.032,8.15
2215838,1_0,1,438464,142,physical_load,647.068,7499,647.068,0.0,0.0,0,2.157,6.7
2215838,1_0,1,433771,142,physical_load,675.579,7499,675.579,30.955,12.837,1,2.252,8.716
2215838,1_0,1,92170,142,physical_load,668.653,7499,668.653,53.825,33.195,2,2.229,8.809
2215838,1_0,1,204188,142,physical_load,731.948,7499,731.948,34.912,9.538,3,2.44,8.351
2215838,1_0,1,154344,142,physical_load,689.477,7499,689.477,23.766,1.603,1,2.298,8.017
2215838,1_0,1,140040,142,physical_load,697.997,7499,697.997,60.002,36.416,2,2.327,9.254
2215838,1_0,1,82313,430,physical_load,637.415,7499,637.415,31.839,15.516,2,2.125,8.474
2215838,1_0,1,505834,142,physical_load,745.485,7499,745.485,59.078,15.388,3,2.485,8.365
2215838,1_0,1,176501,142,physical_load,562.785,7499,562.785,0.0,0.0,0,1.876,5.648
2215838,1_0,1,84424,430,physical_load,601.431,7499,601.431,27.614,5.65,2,2.005,8.464
2215838,1_0,1,201562,430,physical_load,754.505,7499,754.505,22.456,0.0,2,2.515,7.616
2215838,1_0,1,531003,430,physical_load,777.356,7499,777.356,50.244,10.847,3,2.591,8.722
2215838,1_0,1,531001,430,physical_load,675.911,7499,675.911,20.807,13.885,1,2.253,9.056
2215838,1_0,1,432489,430,physical_load,735.402,7499,735.402,19.999,6.501,1,2.452,8.203
2215838,1_0,1,247693,430,physical_load,606.973,7499,606.973,35.461,17.589,2,2.023,8.238
2215838,1_0,1,-1,-1,physical_load,1498.404,7499,1498.404,948.842,858.978,29,4.945,33.892
2215838,1_0,1,181441,430,physical_load,646.328,7499,646.328,12.601,3.225,1,2.155,8.092
2215838,1_0,1,174254,430,physical_load,820.731,7499,820.731,0.0,0.0,0,2.736,6.919
2215838,1_0,1,151873,430,physical_load,736.381,7499,736.381,29.522,0.0,2,2.455,7.739
2215838,1_0,1,204739,430,physical_load,362.55,7499,362.55,0.0,0.0,0,1.209,5.108
2215838,1_1,1,44136,142,physical_load,215.525,7499,215.525,0.0,0.0,0,0.719,5.578
2215838,1_1,1,221095,142,physical_load,681.566,7499,681.566,13.853,0.0,1,2.272,7.674
2215838,1_1,1,471140,142,physical_load,595.387,7499,595.387,35.746,13.124,2,1.985,9.061
2215838,1_1,1,438464,142,physical_load,659.867,7499,659.867,10.796,3.58,1,2.2,8.196
2215838,1_1,1,433771,142,physical_load,644.114,7499,644.114,34.273,11.928,1,2.148,8.813
2215838,1_1,1,92170,142,physical_load,631.198,7499,631.198,52.218,29.302,2,2.104,8.688
2215838,1_1,1,204188,142,physical_load,635.909,7499,635.909,10.736,0.0,1,2.12,7.696
2215838,1_1,1,154344,142,physical_load,651.791,7499,651.791,0.0,0.0,0,2.173,6.392
2215838,1_1,1,140040,142,physical_load,710.444,7499,710.444,20.365,8.092,1,2.369,9.019
2215838,1_1,1,82313,430,physical_load,646.848,7499,646.848,17.644,1.926,1,2.157,8.037
2215838,1_1,1,505834,142,physical_load,708.267,7499,708.267,16.748,4.86,1,2.361,8.143
2215838,1_1,1,176501,142,physical_load,583.539,7499,583.539,57.996,22.2,4,1.946,9.008
2215838,1_1,1,84424,430,physical_load,740.28,7499,740.28,19.036,12.424,1,2.468,9.001
2215838,1_1,1,201562,430,physical_load,730.265,7499,730.265,4.978,0.0,0,2.435,7.486
2215838,1_1,1,531003,430,physical_load,785.133,7499,785.133,18.516,0.0,0,2.618,7.46
2215838,1_1,1,531001,430,physical_load,709.981,7499,709.981,11.301,0.0,1,2.367,7.667
2215838,1_1,1,432489,430,physical_load,756.499,7499,756.499,0.0,0.0,0,2.522,6.84
2215838,1_1,1,247693,430,physical_load,645.939,7499,645.939,20.273,14.854,1,2.154,9.03
2215838,1_1,1,-1,-1,physical_load,1551.873,7499,1551.873,973.487,864.468,29,5.687,304.602
2215838,1_1,1,181441,430,physical_load,683.519,7499,683.519,69.478,36.004,3,2.279,8.749
2215838,1_1,1,174254,430,physical_load,859.125,7499,859.125,10.027,0.0,0,2.865,7.328
2215838,1_1,1,151873,430,physical_load,785.348,7499,785.348,43.963,0.0,2,2.618,7.992
2215838,1_1,1,204739,430,physical_load,340.589,7499,340.589,0.0,0.0,0,1.135,5.123
2215838,1_2,1,44136,142,physical_load,193.67,7499,193.67,0.0,0.0,0,0.646,3.186
2215838,1_2,1,221095,142,physical_load,772.163,7499,772.163,15.892,0.0,1,2.574,7.552
2215838,1_2,1,471140,142,physical_load,612.965,7499,612.965,17.149,0.0,2,2.043,7.774
2215838,1_2,1,438464,142,physical_load,595.642,7499,595.642,0.0,0.0,0,1.985,5.127
2215838,1_2,1,433771,142,physical_load,676.168,7499,676.168,21.405,6.834,2,2.254,8.274
2215838,1_2,1,92170,142,physical_load,686.555,7499,686.555,1.988,0.0,0,2.289,7.15
2215838,1_2,1,204188,142,physical_load,687.763,7499,687.763,8.36,0.0,0,2.293,7.391
2215838,1_2,1,154344,142,physical_load,659.249,7499,659.249,20.438,3.572,1,2.197,8.18
2215838,1_2,1,140040,142,physical_load,681.886,7499,681.886,12.931,0.0,1,2.273,7.739
2215838,1_2,1,82313,430,physical_load,555.677,7499,555.677,0.0,0.0,0,1.852,6.588
2215838,1_2,1,505834,142,physical_load,717.911,7499,717.911,10.041,0.0,1,2.393,7.951
2215838,1_2,1,176501,142,physical_load,520.627,7499,520.627,0.28,0.0,0,1.735,7.004
2215838,1_2,1,84424,430,physical_load,596.488,7499,596.488,17.036,2.574,2,1.988,8.071
2215838,1_2,1,201562,430,physical_load,561.971,7499,561.971,10.216,0.0,1,1.873,7.457
2215838,1_2,1,531003,430,physical_load,591.975,7499,591.975,0.0,0.0,0,1.973,5.756
2215838,1_2,1,531001,430,physical_load,596.527,7499,596.527,4.643,0.0,0,1.988,7.375
2215838,1_2,1,432489,430,physical_load,657.804,7499,657.804,0.0,0.0,0,2.193,6.453
2215838,1_2,1,247693,430,physical_load,576.187,7499,576.187,15.613,0.0,1,1.921,7.883
2215838,1_2,1,-1,-1,physical_load,1480.684,7499,1480.684,856.609,766.465,20,4.891,58.358
2215838,1_2,1,181441,430,physical_load,532.155,7499,532.155,16.089,9.796,1,1.774,8.688
2215838,1_2,1,174254,430,physical_load,712.462,7499,712.462,0.0,0.0,0,2.375,6.231
2215838,1_2,1,151873,430,physical_load,657.461,7499,657.461,3.734,0.0,0,2.192,7.266
2215838,1_2,1,204739,430,physical_load,345.957,7499,345.957,0.0,0.0,0,1.153,5.725
2215838,1_3,1,44136,142,physical_load,122.419,7499,122.419,0.0,0.0,0,0.672,5.717
2215838,1_3,1,221095,142,physical_load,559.982,7499,559.982,43.579,10.435,2,1.867,8.631
2215838,1_3,1,471140,142,physical_load,550.278,7499,550.278,14.008,0.0,1,1.834,7.646
2215838,1_3,1,438464,142,physical_load,435.392,7499,435.392,0.0,0.0,0,1.451,6.751
2215838,1_3,1,433771,142,physical_load,440.047,7499,440.047,2.847,0.0,0,1.467,7.178
2215838,1_3,1,92170,142,physical_load,486.243,7499,486.243,6.066,0.0,0,1.621,7.855
2215838,1_3,1,204188,142,physical_load,427.152,7499,427.152,11.506,6.696,1,1.424,8.576
2215838,1_3,1,154344,142,physical_load,489.749,7499,489.749,0.0,0.0,0,1.633,6.767
2215838,1_3,1,140040,142,physical_load,552.117,7499,552.117,0.0,0.0,0,2.043,6.773
2215838,1_3,1,82313,430,physical_load,437.018,7499,437.018,4.295,0.0,0,1.457,7.241
2215838,1_3,1,505834,142,physical_load,491.899,7499,491.899,2.828,0.0,0,1.64,7.111
2215838,1_3,1,176501,142,physical_load,397.869,7499,397.869,31.453,7.96,1,1.326,8.465
2215838,1_3,1,84424,430,physical_load,464.927,7499,464.927,7.078,0.0,0,1.55,7.587
2215838,1_3,1,201562,430,physical_load,495.844,7499,495.844,0.0,0.0,0,1.653,6.356
2215838,1_3,1,531003,430,physical_load,625.931,7499,625.931,64.304,21.713,3,2.086,8.482
2215838,1_3,1,531001,430,physical_load,516.121,7499,516.121,0.0,0.0,0,1.72,6.346
2215838,1_3,1,432489,430,physical_load,579.904,7499,579.904,0.0,0.0,0,1.933,6.781
2215838,1_3,1,247693,430,physical_load,468.323,7499,468.323,4.35,0.0,0,1.561,7.372
2215838,1_3,1,-1,-1,physical_load,885.985,7499,885.985,527.758,446.508,18,2.935,27.347
2215838,1_3,1,181441,430,physical_load,394.691,7499,394.691,82.042,53.475,3,1.316,9.064
2215838,1_3,1,174254,430,physical_load,667.594,7499,667.594,11.16,0.0,0,2.225,7.332
2215838,1_3,1,151873,430,physical_load,487.437,7499,487.437,13.82,0.0,1,1.625,7.323
2215838,1_3,1,204739,430,physical_load,308.287,7499,308.287,0.0,0.0,0,1.028,6.942
2215838,1_3,1,209778,142,physical_load,63.094,7499,63.094,0.0,0.0,0,2.122,4.802
2215838,1_4,1,221095,142,physical_load,533.256,7499,533.256,24.475,0.0,2,1.778,7.54
2215838,1_4,1,471140,142,physical_load,499.251,7499,499.251,13.067,0.0,1,1.664,7.691
2215838,1_4,1,438464,142,physical_load,468.129,7499,468.129,0.0,0.0,0,1.561,6.876
2215838,1_4,1,433771,142,physical_load,574.52,7499,574.52,21.946,0.0,2,1.915,7.81
2215838,1_4,1,92170,142,physical_load,514.676,7499,514.676,0.0,0.0,0,1.716,6.86
2215838,1_4,1,204188,142,physical_load,584.021,7499,584.021,31.408,2.246,1,1.947,8.033
2215838,1_4,1,154344,142,physical_load,486.152,7499,486.152,7.854,0.0,0,1.621,7.599
2215838,1_4,1,82313,430,physical_load,549.982,7499,549.982,17.088,0.0,1,1.833,7.551
2215838,1_4,1,505834,142,physical_load,526.632,7499,526.632,50.189,14.59,2,1.756,8.991
2215838,1_4,1,176501,142,physical_load,430.557,7499,430.557,13.658,7.656,1,1.435,8.502
2215838,1_4,1,84424,430,physical_load,472.615,7499,472.615,0.0,0.0,0,1.575,6.74
2215838,1_4,1,201562,430,physical_load,508.09,7499,508.09,39.638,19.732,1,1.694,9.304
2215838,1_4,1,531003,430,physical_load,557.014,7499,557.014,10.007,0.0,0,1.857,7.243
2215838,1_4,1,531001,430,physical_load,414.21,7499,414.21,0.0,0.0,0,1.381,5.861
2215838,1_4,1,432489,430,physical_load,505.111,7499,505.111,0.0,0.0,0,1.684,6.773
2215838,1_4,1,247693,430,physical_load,436.779,7499,436.779,44.367,23.404,2,1.456,8.894
2215838,1_4,1,-1,-1,physical_load,1078.511,7499,1078.511,643.956,561.011,17,3.565,33.238
2215838,1_4,1,181441,430,physical_load,531.978,7499,531.978,0.0,0.0,0,1.774,6.852
2215838,1_4,1,174254,430,physical_load,605.339,7499,605.339,11.938,1.602,1,2.018,8.016
2215838,1_4,1,151873,430,physical_load,552.556,7499,552.556,0.0,0.0,0,1.842,6.733
2215838,1_4,1,204739,430,physical_load,261.822,7499,261.822,0.0,0.0,0,0.873,4.82
2215838,1_4,1,209778,142,physical_load,281.422,7499,281.422,1.407,0.0,0,0.938,7.05
2215838,1_5,1,221095,142,physical_load,559.913,7499,559.913,0.0,0.0,0,1.866,6.981
2215838,1_5,1,471140,142,physical_load,539.398,7499,539.398,24.759,3.907,2,1.798,8.197
2215838,1_5,1,438464,142,physical_load,560.364,7499,560.364,0.0,0.0,0,1.868,6.336
2215838,1_5,1,433771,142,physical_load,542.511,7499,542.511,5.192,0.0,0,1.808,7.317
2215838,1_5,1,92170,142,physical_load,575.38,7499,575.38,69.801,40.419,2,1.918,8.939
2215838,1_5,1,204188,142,physical_load,593.401,7499,593.401,0.0,0.0,0,1.978,6.889
2215838,1_5,1,154344,142,physical_load,599.495,7499,599.495,0.0,0.0,0,1.998,6.93
2215838,1_5,1,82313,430,physical_load,446.459,7499,446.459,0.0,0.0,0,1.488,6.278
2215838,1_5,1,505834,142,physical_load,545.14,7499,545.14,21.771,0.0,1,1.817,7.567
2215838,1_5,1,176501,142,physical_load,486.48,7499,486.48,18.496,8.182,1,1.621,8.27
2215838,1_5,1,84424,430,physical_load,388.24,7499,388.24,0.0,0.0,0,1.294,6.86
2215838,1_5,1,201562,430,physical_load,485.329,7499,485.329,38.889,26.179,2,1.618,9.71
2215838,1_5,1,531003,430,physical_load,548.015,7499,548.015,9.317,0.0,0,1.827,7.522
2215838,1_5,1,531001,430,physical_load,513.712,7499,513.712,11.058,5.947,1,1.712,8.411
2215838,1_5,1,432489,430,physical_load,561.731,7499,561.731,50.486,26.804,2,1.872,8.928
2215838,1_5,1,247693,430,physical_load,473.39,7499,473.39,10.328,0.0,1,1.578,7.627
2215838,1_5,1,-1,-1,physical_load,1364.971,7499,1364.971,821.046,706.428,23,4.498,28.615
2215838,1_5,1,181441,430,physical_load,510.814,7499,510.814,22.328,11.537,1,1.702,9.184
2215838,1_5,1,174254,430,physical_load,728.693,7499,728.693,4.906,0.0,0,2.429,7.334
2215838,1_5,1,151873,430,physical_load,639.177,7499,639.177,10.696,0.0,1,2.131,7.651
2215838,1_5,1,204739,430,physical_load,255.901,7499,255.901,0.0,0.0,0,0.853,5.459
2215838,1_5,1,209778,142,physical_load,254.48,7499,254.48,7.475,2.935,0,0.848,8.216
2215838,1_6,1,221095,142,physical_load,687.698,7499,687.698,71.855,29.511,2,2.293,9.078
2215838,1_6,1,471140,142,physical_load,516.552,7499,516.552,0.0,0.0,0,1.722,6.534
2215838,1_6,1,438464,142,physical_load,586.613,7499,586.613,8.977,0.0,1,1.955,7.379
2215838,1_6,1,433771,142,physical_load,684.333,7499,684.333,15.854,0.0,1,2.281,7.813
2215838,1_6,1,92170,142,physical_load,648.435,7499,648.435,38.392,28.985,1,2.162,8.71
2215838,1_6,1,204188,142,physical_load,728.621,7499,728.621,43.488,4.274,3,2.429,8.329
2215838,1_6,1,154344,142,physical_load,630.214,7499,630.214,6.145,0.0,0,2.101,7.472
2215838,1_6,1,82313,430,physical_load,621.765,7499,621.765,5.343,0.0,0,2.073,7.055
2215838,1_6,1,505834,142,physical_load,702.183,7499,702.183,28.038,0.0,1,2.341,7.911
2215838,1_6,1,176501,142,physical_load,530.554,7499,530.554,30.381,19.774,1,1.769,9.436
2215838,1_6,1,84424,430,physical_load,646.519,7499,646.519,0.0,0.0,0,2.155,6.938
2215838,1_6,1,201562,430,physical_load,678.67,7499,678.67,31.211,0.0,1,2.262,7.919
2215838,1_6,1,531003,430,physical_load,734.734,7499,734.734,45.028,0.0,3,2.449,7.661
2215838,1_6,1,531001,430,physical_load,698.309,7499,698.309,3.129,0.0,0,2.328,7.17
2215838,1_6,1,432489,430,physical_load,694.14,7499,694.14,0.0,0.0,0,2.314,6.111
2215838,1_6,1,247693,430,physical_load,594.965,7499,594.965,47.362,21.638,2,1.983,9.003
2215838,1_6,1,-1,-1,physical_load,1226.481,7499,1226.481,593.931,504.77,19,4.056,43.164
2215838,1_6,1,181441,430,physical_load,610.631,7499,610.631,23.071,6.416,2,2.035,8.685
2215838,1_6,1,174254,430,physical_load,692.508,7499,692.508,0.841,0.0,0,2.308,7.014
2215838,1_6,1,151873,430,physical_load,677.704,7499,677.704,48.564,16.342,2,2.259,9.135
2215838,1_6,1,204739,430,physical_load,293.118,7499,293.118,0.0,0.0,0,0.977,5.426
2215838,1_6,1,209778,142,physical_load,308.243,7499,308.243,0.0,0.0,0,1.027,6.042
2215838,1_7,1,221095,142,physical_load,597.292,7499,597.292,10.382,0.0,1,1.991,7.336
2215838,1_7,1,471140,142,physical_load,509.677,7499,509.677,4.938,0.0,0,1.699,7.391
2215838,1_7,1,438464,142,physical_load,576.239,7499,576.239,6.534,0.0,0,1.921,7.148
2215838,1_7,1,433771,142,physical_load,623.291,7499,623.291,29.629,3.903,2,2.078,8.19
2215838,1_7,1,92170,142,physical_load,592.09,7499,592.09,18.051,2.565,1,1.974,8.026
2215838,1_7,1,204188,142,physical_load,675.087,7499,675.087,26.911,10.134,1,2.25,8.706
2215838,1_7,1,154344,142,physical_load,608.982,7499,608.982,34.278,13.352,2,2.03,8.249
2215838,1_7,1,82313,430,physical_load,561.123,7499,561.123,26.075,17.064,1,1.871,9.143
2215838,1_7,1,505834,142,physical_load,653.615,7499,653.615,24.942,0.0,1,2.179,7.956
2215838,1_7,1,176501,142,physical_load,452.381,7499,452.381,0.0,0.0,0,1.508,5.81
2215838,1_7,1,84424,430,physical_load,532.35,7499,532.35,0.0,0.0,0,1.775,6.897
2215838,1_7,1,201562,430,physical_load,621.442,7499,621.442,44.666,18.348,2,2.072,8.598
2215838,1_7,1,531003,430,physical_load,622.148,7499,622.148,2.814,0.0,0,2.074,7.062
2215838,1_7,1,531001,430,physical_load,604.342,7499,604.342,8.291,0.0,0,2.015,7.4
2215838,1_7,1,432489,430,physical_load,700.554,7499,700.554,18.594,0.0,2,2.335,7.852
2215838,1_7,1,247693,430,physical_load,450.154,7499,450.154,0.0,0.0,0,1.501,6.446
2215838,1_7,1,-1,-1,physical_load,1303.424,7499,1303.424,763.553,689.669,20,4.302,35.48
2215838,1_7,1,181441,430,physical_load,451.12,7499,451.12,8.928,0.0,1,1.504,7.641
2215838,1_7,1,174254,430,physical_load,617.719,7499,617.719,10.599,0.0,1,2.059,7.51
2215838,1_7,1,151873,430,physical_load,699.747,7499,699.747,14.764,0.0,1,2.333,7.763
2215838,1_7,1,204739,430,physical_load,283.305,7499,283.305,0.0,0.0,0,0.944,5.84
2215838,1_7,1,209778,142,physical_load,244.066,7499,244.066,0.0,0.0,0,0.814,5.549
2215838,1_8,1,221095,142,physical_load,724.083,7499,724.083,43.817,3.207,1,2.414,8.025
2215838,1_8,1,471140,142,physical_load,536.888,7499,536.888,0.0,0.0,0,1.789,6.368
2215838,1_8,1,438464,142,physical_load,611.972,7499,611.972,0.0,0.0,0,2.04,6.33
2215838,1_8,1,433771,142,physical_load,585.988,7499,585.988,13.234,0.0,1,1.953,7.677
2215838,1_8,1,92170,142,physical_load,703.484,7499,703.484,0.0,0.0,0,2.345,6.819
2215838,1_8,1,204188,142,physical_load,724.814,7499,724.814,65.502,19.021,5,2.416,8.589
2215838,1_8,1,154344,142,physical_load,627.867,7499,627.867,9.059,0.0,0,2.093,7.549
2215838,1_8,1,82313,430,physical_load,565.117,7499,565.117,14.209,0.0,1,1.884,7.696
2215838,1_8,1,505834,142,physical_load,659.05,7499,659.05,5.239,0.0,0,2.197,7.413
2215838,1_8,1,176501,142,physical_load,508.519,7499,508.519,0.0,0.0,0,1.695,6.53
2215838,1_8,1,84424,430,physical_load,521.976,7499,521.976,0.0,0.0,0,1.74,5.887
2215838,1_8,1,201562,430,physical_load,584.772,7499,584.772,8.683,0.0,1,1.949,7.412
2215838,1_8,1,531003,430,physical_load,683.16,7499,683.16,20.779,6.832,1,2.277,8.814
2215838,1_8,1,531001,430,physical_load,603.22,7499,603.22,4.036,0.0,0,2.011,7.322
2215838,1_8,1,432489,430,physical_load,709.625,7499,709.625,2.83,0.0,0,2.365,7.106
2215838,1_8,1,247693,430,physical_load,549.686,7499,549.686,0.0,0.0,0,1.832,6.459
2215838,1_8,1,-1,-1,physical_load,1629.014,7499,1629.014,990.734,904.172,22,5.357,85.308
2215838,1_8,1,181441,430,physical_load,519.182,7499,519.182,5.651,0.0,0,1.731,7.1
2215838,1_8,1,174254,430,physical_load,750.584,7499,750.584,4.006,0.0,0,2.502,7.237
2215838,1_8,1,151873,430,physical_load,692.267,7499,692.267,8.606,0.0,1,2.308,7.314
2215838,1_8,1,204739,430,physical_load,313.435,7499,313.435,14.939,9.823,1,1.045,8.721
2215838,1_8,1,209778,142,physical_load,239.311,7499,239.311,0.0,0.0,0,0.798,4.918
2215838,1_9,1,221095,142,physical_load,427.214,4757,427.214,12.572,0.221,1,2.297,193.395
2215838,1_9,1,471140,142,physical_load,381.928,4757,381.928,45.23,28.467,1,2.034,97.563
2215838,1_9,1,438464,142,physical_load,390.388,4757,390.388,0.176,0.176,0,2.082,111.568
2215838,1_9,1,433771,142,physical_load,404.909,4757,404.909,0.058,0.058,0,2.165,134.75
2215838,1_9,1,92170,142,physical_load,395.697,4757,395.697,14.339,0.12,1,2.154,268.919
2215838,1_9,1,204188,142,physical_load,417.585,4757,417.585,23.889,15.795,1,2.237,156.965
2215838,1_9,1,154344,142,physical_load,438.986,4757,438.986,0.146,0.146,0,2.335,102.599
2215838,1_9,1,82313,430,physical_load,336.436,4757,336.436,31.425,8.16,1,1.827,212.739
2215838,1_9,1,505834,142,physical_load,391.668,4757,391.668,0.1,0.1,0,2.132,266.448
2215838,1_9,1,176501,142,physical_load,360.481,4757,360.481,7.666,0.204,1,1.913,70.357
2215838,1_9,1,84424,430,physical_load,357.405,4757,357.405,0.056,0.056,0,1.953,268.833
2215838,1_9,1,201562,430,physical_load,312.305,4757,312.305,0.147,0.147,0,1.727,309.044
2215838,1_9,1,531003,430,physical_load,406.496,4757,406.496,0.065,0.065,0,2.171,126.95
2215838,1_9,1,531001,430,physical_load,324.192,4757,324.192,0.081,0.081,0,1.752,175.241
2215838,1_9,1,432489,430,physical_load,412.724,4757,412.724,0.074,0.074,0,2.219,179.708
2215838,1_9,1,247693,430,physical_load,345.298,4757,345.298,53.361,47.337,1,1.863,177.198
2215838,1_9,1,-1,-1,physical_load,881.429,4757,881.429,505.427,455.011,16,4.703,274.802
2215838,1_9,1,181441,430,physical_load,373.231,4757,373.231,13.973,0.05,1,1.999,134.702
2215838,1_9,1,174254,430,physical_load,471.367,4757,471.367,0.0,0.0,0,2.477,6.489
2215838,1_9,1,151873,430,physical_load,395.62,4757,395.62,4.718,0.079,0,2.136,205.625
2215838,1_9,1,204739,430,physical_load,186.948,4757,186.948,0.068,0.068,0,1.013,112.219
2215838,1_9,1,209778,142,physical_load,147.079,4757,147.079,0.059,0.059,0,0.788,54.463
2215838,2_0,2,221095,142,physical_load,706.054,7499,706.054,36.023,4.987,2,2.425,278.071
2215838,2_0,2,471140,142,physical_load,633.2,7499,633.2,31.504,9.182,2,2.147,140.586
2215838,2_0,2,438464,142,physical_load,711.881,7499,711.881,12.058,0.047,1,2.414,161.524
2215838,2_0,2,433771,142,physical_load,717.893,7499,717.893,26.407,1.949,2,2.443,194.436
2215838,2_0,2,92170,142,physical_load,762.449,7499,762.449,33.337,14.139,2,2.641,389.311
2215838,2_0,2,204188,142,physical_load,731.169,7499,731.169,80.675,18.773,4,2.495,226.163
2215838,2_0,2,154344,142,physical_load,682.043,7499,682.043,24.954,4.884,1,2.311,148.382
2215838,2_0,2,82313,430,physical_load,616.341,7499,616.341,10.205,2.306,1,2.133,307.912
2215838,2_0,2,505834,142,physical_load,731.912,7499,731.912,42.522,5.226,2,2.538,384.741
2215838,2_0,2,176501,142,physical_load,586.851,7499,586.851,9.764,0.021,0,1.982,100.206
2215838,2_0,2,84424,430,physical_load,577.533,7499,577.533,0.047,0.047,0,2.025,388.642
2215838,2_0,2,201562,430,physical_load,677.785,7499,677.785,31.755,0.088,2,2.374,446.742
2215838,2_0,2,531003,430,physical_load,792.134,7499,792.134,35.535,0.058,1,2.687,182.898
2215838,2_0,2,531001,430,physical_load,656.796,7499,656.796,20.527,2.298,1,2.254,252.974
2215838,2_0,2,432489,430,physical_load,710.574,7499,710.574,11.84,0.039,0,2.435,259.592
2215838,2_0,2,247693,430,physical_load,570.371,7499,570.371,19.217,5.639,1,1.966,255.461
2215838,2_0,2,-1,-1,physical_load,1654.681,7499,1654.681,985.876,854.248,37,5.611,272.45
2215838,2_0,2,181441,430,physical_load,599.156,7499,599.156,27.763,11.536,1,2.046,193.697
2215838,2_0,2,151873,430,physical_load,758.921,7499,758.921,58.517,4.394,4,2.605,296.981
2215838,2_0,2,204739,430,physical_load,263.231,7499,263.231,0.092,0.092,0,0.919,162.212
2215838,2_0,2,209778,142,physical_load,291.943,7499,291.943,0.026,0.026,0,0.993,79.185
2215838,2_0,2,129510,430,physical_load,804.527,7499,804.527,33.277,0.0,2,2.682,7.983
2215838,2_1,2,221095,142,physical_load,623.12,7499,623.12,17.376,0.0,1,2.078,7.826
2215838,2_1,2,471140,142,physical_load,539.689,7499,539.689,0.0,0.0,0,1.799,6.844
2215838,2_1,2,438464,142,physical_load,573.77,7499,573.77,7.909,0.0,0,1.913,7.12
2215838,2_1,2,433771,142,physical_load,628.929,7499,628.929,23.38,0.0,2,2.097,7.925
2215838,2_1,2,92170,142,physical_load,626.901,7499,626.901,30.119,6.223,2,2.09,8.275
2215838,2_1,2,204188,142,physical_load,600.417,7499,600.417,16.435,12.5,1,2.002,9.459
2215838,2_1,2,154344,142,physical_load,544.461,7499,544.461,21.594,5.968,1,1.815,8.452
2215838,2_1,2,82313,430,physical_load,509.84,7499,509.84,24.179,10.243,2,1.7,8.83
2215838,2_1,2,505834,142,physical_load,545.526,7499,545.526,12.729,0.0,1,1.819,7.391
2215838,2_1,2,176501,142,physical_load,491.865,7499,491.865,10.007,0.0,1,1.64,7.869
2215838,2_1,2,84424,430,physical_load,476.418,7499,476.418,18.454,0.0,1,1.588,7.857
2215838,2_1,2,201562,430,physical_load,493.434,7499,493.434,62.651,0.0,2,1.645,7.846
2215838,2_1,2,531003,430,physical_load,634.266,7499,634.266,36.212,0.0,3,2.115,7.926
2215838,2_1,2,531001,430,physical_load,514.381,7499,514.381,0.0,0.0,0,1.715,6.914
2215838,2_1,2,432489,430,physical_load,568.257,7499,568.257,0.842,0.0,0,1.894,7.026
2215838,2_1,2,247693,430,physical_load,481.556,7499,481.556,0.0,0.0,0,1.605,6.907
2215838,2_1,2,-1,-1,physical_load,1257.956,7499,1257.956,802.911,718.628,28,4.589,258.802
2215838,2_1,2,181441,430,physical_load,522.435,7499,522.435,17.555,0.0,1,1.742,7.935
2215838,2_1,2,151873,430,physical_load,578.126,7499,578.126,13.059,0.0,1,1.928,7.623
2215838,2_1,2,204739,430,physical_load,300.634,7499,300.634,0.0,0.0,0,1.002,5.75
2215838,2_1,2,209778,142,physical_load,182.712,7499,182.712,0.0,0.0,0,0.609,4.011
2215838,2_1,2,129510,430,physical_load,530.793,7499,530.793,10.211,0.0,1,1.77,7.462
2215838,2_2,2,221095,142,physical_load,764.013,7499,764.013,41.578,17.921,2,2.547,8.705
2215838,2_2,2,471140,142,physical_load,598.266,7499,598.266,27.925,3.848,1,1.994,9.073
2215838,2_2,2,438464,142,physical_load,678.917,7499,678.917,0.0,0.0,0,2.263,6.59
2215838,2_2,2,433771,142,physical_load,730.576,7499,730.576,10.812,0.0,0,2.435,7.677
2215838,2_2,2,92170,142,physical_load,768.919,7499,768.919,14.239,0.0,1,2.563,7.652
2215838,2_2,2,204188,142,physical_load,715.596,7499,715.596,42.822,1.605,2,2.386,8.033
2215838,2_2,2,154344,142,physical_load,684.015,7499,684.015,10.635,0.0,0,2.28,7.357
2215838,2_2,2,82313,430,physical_load,602.685,7499,602.685,20.459,8.362,1,2.009,8.555
2215838,2_2,2,505834,142,physical_load,725.766,7499,725.766,5.783,0.0,0,2.419,7.907
2215838,2_2,2,176501,142,physical_load,538.14,7499,538.14,7.134,0.0,0,1.794,7.29
2215838,2_2,2,84424,430,physical_load,581.842,7499,581.842,5.695,0.0,0,1.94,7.304
2215838,2_2,2,201562,430,physical_load,628.873,7499,628.873,15.491,0.0,1,2.096,7.709
2215838,2_2,2,531003,430,physical_load,652.308,7499,652.308,73.864,24.26,3,2.174,8.321
2215838,2_2,2,531001,430,physical_load,596.11,7499,596.11,2.547,0.0,0,1.987,7.109
2215838,2_2,2,432489,430,physical_load,696.703,7499,696.703,36.137,11.211,1,2.322,8.392
2215838,2_2,2,247693,430,physical_load,565.148,7499,565.148,11.453,2.584,1,1.884,8.119
2215838,2_2,2,-1,-1,physical_load,1741.466,7499,1741.466,989.292,863.154,26,5.748,51.94
2215838,2_2,2,181441,430,physical_load,626.374,7499,626.374,30.058,0.0,2,2.088,7.638
2215838,2_2,2,151873,430,physical_load,708.274,7499,708.274,0.0,0.0,0,2.361,6.833
2215838,2_2,2,204739,430,physical_load,266.119,7499,266.119,0.0,0.0,0,0.887,4.268
2215838,2_2,2,209778,142,physical_load,292.572,7499,292.572,0.0,0.0,0,0.975,5.864
2215838,2_2,2,129510,430,physical_load,723.647,7499,723.647,21.486,7.52,1,2.412,8.263
2215838,2_3,2,221095,142,physical_load,635.63,7499,635.63,61.408,12.185,3,2.119,8.404
2215838,2_3,2,471140,142,physical_load,487.599,7499,487.599,1.982,0.0,0,1.625,7.108
2215838,2_3,2,438464,142,physical_load,539.682,7499,539.682,0.0,0.0,0,1.799,6.041
2215838,2_3,2,433771,142,physical_load,272.773,7499,272.773,12.265,0.0,1,2.123,7.828
2215838,2_3,2,92170,142,physical_load,249.64,7499,249.64,0.0,0.0,0,1.769,5.808
2215838,2_3,2,204188,142,physical_load,303.934,7499,303.934,0.0,0.0,0,2.555,6.09
2215838,2_3,2,154344,142,physical_load,561.825,7499,561.825,0.0,0.0,0,1.873,6.551
2215838,2_3,2,82313,430,physical_load,501.19,7499,501.19,6.799,0.0,0,1.671,7.622
2215838,2_3,2,505834,142,physical_load,608.444,7499,608.444,16.79,0.0,1,2.028,7.763
2215838,2_3,2,176501,142,physical_load,508.267,7499,508.267,0.0,0.0,0,1.694,6.863
2215838,2_3,2,84424,430,physical_load,512.647,7499,512.647,13.187,9.278,1,1.709,8.885
2215838,2_3,2,201562,430,physical_load,460.999,7499,460.999,45.446,27.651,2,1.537,8.85
2215838,2_3,2,531003,430,physical_load,541.307,7499,541.307,25.189,7.738,2,1.804,8.611
2215838,2_3,2,531001,430,physical_load,535.138,7499,535.138,0.0,0.0,0,1.784,6.621
2215838,2_3,2,432489,430,physical_load,558.236,7499,558.236,0.0,0.0,0,1.861,5.953
2215838,2_3,2,247693,430,physical_load,458.962,7499,458.962,3.466,0.0,0,1.53,7.335
2215838,2_3,2,-1,-1,physical_load,1386.751,7499,1386.751,888.13,815.828,27,4.554,24.593
2215838,2_3,2,181441,430,physical_load,512.165,7499,512.165,36.969,9.573,2,1.707,8.38
2215838,2_3,2,151873,430,physical_load,624.424,7499,624.424,0.843,0.0,0,2.081,7.027
2215838,2_3,2,204739,430,physical_load,297.56,7499,297.56,0.0,0.0,0,0.992,4.812
2215838,2_3,2,209778,142,physical_load,212.541,7499,212.541,0.0,0.0,0,0.708,5.234
2215838,2_3,2,129510,430,physical_load,592.32,7499,592.32,5.738,0.0,0,1.974,7.263
2215838,2_3,2,161034,142,physical_load,396.097,7499,396.097,12.186,0.0,1,2.188,7.769
2215838,2_3,2,465680,142,physical_load,407.953,7499,407.953,13.86,0.0,1,2.38,7.7
2215838,2_3,2,174317,142,physical_load,383.528,7499,383.528,23.986,9.523,1,2.416,8.816
2215838,2_4,2,221095,142,physical_load,661.49,7499,661.49,32.614,20.463,1,2.235,55.578
2215838,2_4,2,471140,142,physical_load,496.053,7499,496.053,0.001,0.001,0,1.848,342.579
2215838,2_4,2,438464,142,physical_load,571.644,7499,571.644,9.469,4.943,1,2.019,200.571
2215838,2_4,2,154344,142,physical_load,632.859,7499,632.859,33.23,0.0,3,2.104,7.941
2215838,2_4,2,82313,430,physical_load,465.313,7499,465.313,46.171,27.094,2,1.581,52.63
2215838,2_4,2,505834,142,physical_load,682.183,7499,682.183,26.734,11.022,1,2.252,26.0
2215838,2_4,2,176501,142,physical_load,468.124,7499,468.124,13.6,8.202,1,1.735,307.987
2215838,2_4,2,84424,430,physical_load,471.979,7499,471.979,14.934,7.976,1,1.601,49.524
2215838,2_4,2,201562,430,physical_load,492.203,7499,492.203,0.034,0.0,0,1.634,7.967
2215838,2_4,2,531003,430,physical_load,560.548,7499,560.548,28.234,15.479,1,1.89,38.296
2215838,2_4,2,531001,430,physical_load,483.941,7499,483.941,13.256,0.098,1,1.637,42.98
2215838,2_4,2,432489,430,physical_load,602.736,7499,602.736,0.0,0.0,0,2.004,6.875
2215838,2_4,2,247693,430,physical_load,538.715,7499,538.715,4.358,0.0,0,1.933,7.388
2215838,2_4,2,-1,-1,physical_load,1436.41,7499,1436.41,858.721,775.337,26,4.948,387.838
2215838,2_4,2,181441,430,physical_load,541.418,7499,541.418,61.646,22.721,3,1.879,9.112
2215838,2_4,2,151873,430,physical_load,633.574,7499,633.574,0.004,0.004,0,2.105,8.525
2215838,2_4,2,204739,430,physical_load,245.25,7499,245.25,0.153,0.153,0,1.029,373.646
2215838,2_4,2,209778,142,physical_load,303.402,7499,303.402,0.044,0.044,0,1.234,392.533
2215838,2_4,2,129510,430,physical_load,564.602,7499,564.602,4.755,4.755,0,1.863,22.638
2215838,2_4,2,161034,142,physical_load,591.703,7499,591.703,54.608,35.483,2,1.951,25.275
2215838,2_4,2,465680,142,physical_load,597.372,7499,597.372,12.585,0.05,0,2.019,49.411
2215838,2_4,2,174317,142,physical_load,625.932,7499,625.932,27.964,8.45,1,2.205,209.119
2215838,2_4,2,106320,430,physical_load,57.011,7499,57.011,0.527,0.527,0,3.407,95.413
2215838,2_4,2,457887,430,physical_load,58.969,7499,58.969,0.0,0.0,0,5.026,6.681
2215838,2_5,2,221095,142,physical_load,724.474,7499,724.474,10.646,0.0,0,2.415,7.338
2215838,2_5,2,471140,142,physical_load,552.224,7499,552.224,8.99,0.0,0,1.841,7.042
2215838,2_5,2,438464,142,physical_load,623.911,7499,623.911,23.658,7.686,2,2.08,8.544
2215838,2_5,2,154344,142,physical_load,676.988,7499,676.988,55.044,31.741,2,2.257,8.988
2215838,2_5,2,82313,430,physical_load,485.749,7499,485.749,4.04,0.0,0,1.619,7.323
2215838,2_5,2,505834,142,physical_load,707.216,7499,707.216,38.61,14.908,2,2.358,8.524
2215838,2_5,2,176501,142,physical_load,463.861,7499,463.861,29.655,19.945,1,1.546,8.859
2215838,2_5,2,84424,430,physical_load,492.388,7499,492.388,0.0,0.0,0,1.641,6.209
2215838,2_5,2,201562,430,physical_load,559.009,7499,559.009,25.603,0.0,1,1.863,7.834
2215838,2_5,2,531003,430,physical_load,638.898,7499,638.898,6.212,0.0,0,2.13,7.093
2215838,2_5,2,531001,430,physical_load,581.743,7499,581.743,4.854,0.0,0,1.939,7.216
2215838,2_5,2,432489,430,physical_load,662.324,7499,662.324,54.723,38.899,1,2.208,8.759
2215838,2_5,2,-1,-1,physical_load,1436.96,7499,1436.96,780.297,694.012,22,4.745,47.59
2215838,2_5,2,151873,430,physical_load,618.329,7499,618.329,11.612,0.0,0,2.061,7.574
2215838,2_5,2,204739,430,physical_load,224.0,7499,224.0,0.0,0.0,0,0.747,4.938
2215838,2_5,2,209778,142,physical_load,268.833,7499,268.833,0.0,0.0,0,0.896,5.415
2215838,2_5,2,129510,430,physical_load,654.606,7499,654.606,8.688,0.0,0,2.182,7.454
2215838,2_5,2,161034,142,physical_load,593.668,7499,593.668,18.749,0.0,0,1.979,7.623
2215838,2_5,2,465680,142,physical_load,670.145,7499,670.145,17.771,0.0,1,2.234,7.655
2215838,2_5,2,174317,142,physical_load,676.231,7499,676.231,43.59,9.755,2,2.254,8.257
2215838,2_5,2,106320,430,physical_load,583.462,7499,583.462,36.24,0.0,1,1.945,7.909
2215838,2_5,2,457887,430,physical_load,629.6,7499,629.6,34.37,20.151,2,2.099,9.283
2215838,2_6,2,221095,142,physical_load,234.08,7499,234.08,4.911,0.036,0,1.101,481.301
2215838,2_6,2,471140,142,physical_load,221.858,7499,221.858,9.765,0.122,1,0.883,215.672
2215838,2_6,2,438464,142,physical_load,197.618,7499,197.618,0.032,0.032,0,0.919,390.251
2215838,2_6,2,154344,142,physical_load,315.073,7499,315.073,9.056,9.056,0,1.041,32.138
2215838,2_6,2,82313,430,physical_load,263.521,7499,263.521,0.0,0.0,0,1.211,498.571
2215838,2_6,2,505834,142,physical_load,166.918,7499,166.918,0.0,0.0,0,0.857,451.429
2215838,2_6,2,176501,142,physical_load,190.536,7499,190.536,8.631,0.063,1,0.901,399.115
2215838,2_6,2,84424,430,physical_load,273.94,7499,273.94,13.186,0.0,1,1.213,449.573
2215838,2_6,2,201562,430,physical_load,253.943,7499,253.943,0.0,0.0,0,0.861,6.239
2215838,2_6,2,531003,430,physical_load,201.462,7499,201.462,13.042,0.0,0,1.013,512.857
2215838,2_6,2,531001,430,physical_load,205.658,7499,205.658,0.007,0.007,0,0.986,450.943
2215838,2_6,2,432489,430,physical_load,311.763,7499,311.763,2.579,0.021,0,1.376,505.43
2215838,2_6,2,-1,-1,physical_load,311.81,7499,311.81,194.332,177.08,4,1.42,588.286
2215838,2_6,2,151873,430,physical_load,292.788,7499,292.788,0.0,0.0,0,1.297,482.0
2215838,2_6,2,204739,430,physical_load,246.475,7499,246.475,0.061,0.061,0,1.284,693.87
2215838,2_6,2,209778,142,physical_load,224.073,7499,224.073,8.578,0.238,1,1.004,387.447
2215838,2_6,2,129510,430,physical_load,197.416,7499,197.416,0.038,0.038,0,0.924,399.347
2215838,2_6,2,161034,142,physical_load,277.037,7499,277.037,29.112,12.673,1,1.255,497.901
2215838,2_6,2,465680,142,physical_load,225.174,7499,225.174,0.006,0.006,0,1.098,521.464
2215838,2_6,2,174317,142,physical_load,211.097,7499,211.097,10.678,4.94,1,0.762,87.29
2215838,2_6,2,106320,430,physical_load,235.744,7499,235.744,31.832,17.83,1,1.125,507.992
2215838,2_6,2,457887,430,physical_load,243.498,7499,243.498,0.023,0.023,0,1.092,420.311
2215838,2_6,2,60121,430,physical_load,25.398,7499,25.398,0.0,0.0,0,5.07,5.872
2215838,2_7,2,221095,142,physical_load,621.048,7499,621.048,47.712,26.021,1,2.07,8.807
2215838,2_7,2,471140,142,physical_load,525.227,7499,525.227,25.14,4.859,2,1.751,8.144
2215838,2_7,2,438464,142,physical_load,613.587,7499,613.587,3.976,0.0,0,2.045,7.151
2215838,2_7,2,154344,142,physical_load,551.864,7499,551.864,12.969,0.0,1,1.84,7.703
2215838,2_7,2,82313,430,physical_load,484.435,7499,484.435,14.32,0.0,1,1.615,7.924
2215838,2_7,2,505834,142,physical_load,73.317,7499,73.317,0.0,0.0,0,1.281,4.006
2215838,2_7,2,176501,142,physical_load,508.304,7499,508.304,9.254,2.906,1,1.694,8.113
2215838,2_7,2,84424,430,physical_load,498.818,7499,498.818,9.869,0.0,1,1.663,7.069
2215838,2_7,2,531003,430,physical_load,576.7,7499,576.7,5.097,0.0,0,1.923,7.126
2215838,2_7,2,531001,430,physical_load,562.059,7499,562.059,45.643,11.368,3,1.874,8.73
2215838,2_7,2,432489,430,physical_load,637.401,7499,637.401,3.119,0.0,0,2.125,7.137
2215838,2_7,2,-1,-1,physical_load,1264.722,7499,1264.722,682.212,607.976,17,4.153,31.923
2215838,2_7,2,151873,430,physical_load,593.62,7499,593.62,20.872,0.0,1,1.979,7.474
2215838,2_7,2,204739,430,physical_load,248.442,7499,248.442,0.0,0.0,0,0.828,3.731
2215838,2_7,2,209778,142,physical_load,268.175,7499,268.175,0.0,0.0,0,0.894,3.599
2215838,2_7,2,129510,430,physical_load,542.004,7499,542.004,29.905,0.0,1,1.807,7.875
2215838,2_7,2,161034,142,physical_load,590.657,7499,590.657,15.331,5.611,1,1.969,8.383
2215838,2_7,2,465680,142,physical_load,662.557,7499,662.557,57.539,23.557,3,2.209,8.471
2215838,2_7,2,174317,142,physical_load,563.289,7499,563.289,80.476,25.831,4,1.878,8.74
2215838,2_7,2,106320,430,physical_load,515.587,7499,515.587,0.0,0.0,0,1.719,6.935
2215838,2_7,2,457887,430,physical_load,568.71,7499,568.71,35.258,7.682,4,1.896,8.664
2215838,2_7,2,60121,430,physical_load,646.006,7499,646.006,26.752,0.0,2,2.153,7.628
2215838,2_7,2,59325,142,physical_load,589.721,7499,589.721,36.114,18.158,2,2.431,8.623
2215838,2_8,2,221095,142,physical_load,786.699,7499,786.699,102.815,48.308,5,2.623,8.592
2215838,2_8,2,471140,142,physical_load,565.348,7499,565.348,12.679,4.552,1,1.885,8.193
2215838,2_8,2,438464,142,physical_load,592.139,7499,592.139,25.396,18.198,1,1.974,8.842
2215838,2_8,2,154344,142,physical_load,615.145,7499,615.145,33.001,13.376,2,2.051,8.577
2215838,2_8,2,82313,430,physical_load,500.078,7499,500.078,0.0,0.0,0,1.667,6.762
2215838,2_8,2,176501,142,physical_load,573.296,7499,573.296,29.88,4.522,1,1.911,8.117
2215838,2_8,2,84424,430,physical_load,439.195,7499,439.195,0.0,0.0,0,1.464,6.741
2215838,2_8,2,531003,430,physical_load,635.208,7499,635.208,13.683,0.0,1,2.117,7.697
2215838,2_8,2,531001,430,physical_load,516.903,7499,516.903,0.0,0.0,0,1.723,5.886
2215838,2_8,2,432489,430,physical_load,639.502,7499,639.502,23.383,0.0,2,2.132,7.924
2215838,2_8,2,-1,-1,physical_load,1362.157,7499,1362.157,698.03,584.674,17,4.468,40.574
2215838,2_8,2,151873,430,physical_load,67.342,7499,67.342,0.0,0.0,0,1.478,4.09
2215838,2_8,2,204739,430,physical_load,250.702,7499,250.702,0.0,0.0,0,0.836,6.844
2215838,2_8,2,209778,142,physical_load,289.691,7499,289.691,0.0,0.0,0,0.966,5.733
2215838,2_8,2,129510,430,physical_load,613.852,7499,613.852,37.198,7.171,3,2.047,8.826
2215838,2_8,2,161034,142,physical_load,571.833,7499,571.833,36.126,12.32,2,1.906,8.486
2215838,2_8,2,465680,142,physical_load,561.971,7499,561.971,0.0,0.0,0,1.873,6.926
2215838,2_8,2,174317,142,physical_load,709.695,7499,709.695,23.693,11.402,1,2.366,8.981
2215838,2_8,2,106320,430,physical_load,530.095,7499,530.095,22.842,16.524,1,1.767,8.923
2215838,2_8,2,457887,430,physical_load,653.048,7499,653.048,0.0,0.0,0,2.177,6.755
2215838,2_8,2,60121,430,physical_load,729.121,7499,729.121,37.349,17.892,2,2.431,8.985
2215838,2_8,2,59325,142,physical_load,702.333,7499,702.333,17.126,3.217,2,2.341,8.07
2215838,2_8,2,564918,430,physical_load,678.188,7499,678.188,32.887,13.887,1,2.666,8.419
2215838,2_9,2,221095,142,physical_load,544.605,7499,544.605,10.655,0.0,0,1.815,7.687
2215838,2_9,2,471140,142,physical_load,584.244,7499,584.244,4.416,0.0,0,1.947,7.538
2215838,2_9,2,438464,142,physical_load,593.913,7499,593.913,13.619,8.505,1,1.98,8.782
2215838,2_9,2,154344,142,physical_load,689.372,7499,689.372,48.803,26.35,2,2.298,9.086
2215838,2_9,2,82313,430,physical_load,468.152,7499,468.152,1.963,0.0,0,1.561,7.016
2215838,2_9,2,176501,142,physical_load,475.946,7499,475.946,15.476,5.179,1,1.587,8.138
2215838,2_9,2,84424,430,physical_load,459.894,7499,459.894,0.0,0.0,0,1.533,6.968
2215838,2_9,2,531003,430,physical_load,607.723,7499,607.723,92.898,53.978,3,2.026,9.357
2215838,2_9,2,531001,430,physical_load,503.832,7499,503.832,17.228,7.592,1,1.679,8.373
2215838,2_9,2,432489,430,physical_load,681.927,7499,681.927,76.798,43.302,2,2.273,9.786
2215838,2_9,2,-1,-1,physical_load,1295.475,7499,1295.475,743.009,648.832,24,4.28,33.478
2215838,2_9,2,204739,430,physical_load,207.658,7499,207.658,0.0,0.0,0,0.692,3.922
2215838,2_9,2,209778,142,physical_load,287.798,7499,287.798,5.211,0.0,0,0.959,7.351
2215838,2_9,2,129510,430,physical_load,509.096,7499,509.096,31.081,5.914,1,1.697,8.328
2215838,2_9,2,161034,142,physical_load,521.567,7499,521.567,47.233,17.543,2,1.739,8.204
2215838,2_9,2,465680,142,physical_load,600.441,7499,600.441,58.449,37.746,2,2.001,9.003
2215838,2_9,2,174317,142,physical_load,627.654,7499,627.654,16.102,10.403,1,2.092,9.04
2215838,2_9,2,106320,430,physical_load,546.892,7499,546.892,24.611,11.881,1,1.823,8.404
2215838,2_9,2,457887,430,physical_load,602.524,7499,602.524,8.389,0.0,0,2.008,7.494
2215838,2_9,2,60121,430,physical_load,613.892,7499,613.892,29.167,0.0,1,2.046,7.499
2215838,2_9,2,59325,142,physical_load,549.471,7499,549.471,70.721,40.66,3,1.831,9.34
2215838,2_9,2,564918,430,physical_load,591.991,7499,591.991,16.556,0.0,1,1.973,7.971
2215838,2_10,2,221095,142,physical_load,5.289,242,5.289,0.0,0.0,0,0.544,1.583
2215838,2_10,2,471140,142,physical_load,18.442,242,18.442,0.0,0.0,0,1.898,5.252
2215838,2_10,2,438464,142,physical_load,16.705,242,16.705,0.0,0.0,0,1.715,5.376
2215838,2_10,2,154344,142,physical_load,7.812,242,7.812,0.0,0.0,0,0.806,1.467
2215838,2_10,2,82313,430,physical_load,10.012,242,10.012,0.0,0.0,0,1.029,2.828
2215838,2_10,2,176501,142,physical_load,17.193,242,17.193,5.561,0.0,0,1.763,7.481
2215838,2_10,2,84424,430,physical_load,7.932,242,7.932,0.0,0.0,0,0.818,1.483
2215838,2_10,2,531003,430,physical_load,23.254,242,23.254,0.0,0.0,0,2.396,4.838
2215838,2_10,2,531001,430,physical_load,7.195,242,7.195,0.0,0.0,0,0.74,1.915
2215838,2_10,2,432489,430,physical_load,14.823,242,14.823,0.0,0.0,0,1.525,3.547
2215838,2_10,2,-1,-1,physical_load,23.671,242,23.671,16.829,16.727,0,2.429,27.645
2215838,2_10,2,204739,430,physical_load,6.915,242,6.915,0.0,0.0,0,0.714,1.88
2215838,2_10,2,209778,142,physical_load,9.902,242,9.902,0.0,0.0,0,1.963,2.424
2215838,2_10,2,129510,430,physical_load,7.535,242,7.535,0.0,0.0,0,0.775,2.214
2215838,2_10,2,161034,142,physical_load,4.812,242,4.812,0.0,0.0,0,0.495,1.147
2215838,2_10,2,465680,142,physical_load,12.095,242,12.095,0.0,0.0,0,1.247,1.537
2215838,2_10,2,174317,142,physical_load,16.976,242,16.976,0.0,0.0,0,1.753,4.139
2215838,2_10,2,106320,430,physical_load,14.855,242,14.855,0.0,0.0,0,1.525,5.719
2215838,2_10,2,457887,430,physical_load,20.83,242,20.83,0.0,0.0,0,2.144,5.937
2215838,2_10,2,60121,430,physical_load,12.161,242,12.161,0.0,0.0,0,1.251,3.096
2215838,2_10,2,59325,142,physical_load,15.141,242,15.141,0.0,0.0,0,1.563,2.421
2215838,2_10,2,564918,430,physical_load,22.877,242,22.877,0.0,0.0,0,2.353,6.264
